1203,Sumanth Chari,sumanthchari123@gmail.com,23,Hyderbad
2455,Uday Kumar,udaykumar19@gmail.com,24,Hi-Tech City
5465,Rakesh Reddy,reddy2143@gmail.com,23,Warangal
4563,Bhuban Mohan,bhuban1997@gmail.com,29,Bihar
4531,Akhil Kumar,Akhil@gmail.com,24,Hyderabad
3469,Varun Kumar,varun@gmail.com,28,Hyderbad
3457,Sai Kiran,saikiran145@gmail.com,37,Banguluru
5463,Vardhan Sai,vardhan@1988@gamil.com,27,Old City
4778,Mark,mark123@gmail.com,23,Carifornia
5133,Steve Harington,steve@yahoo.com,26,Washington
5892,Eva brown,eva@opera.com,22,Georgia
4856,Erick lopes,lopes@yahoo.com,34,Connecticut
4858,Ali Shyed,Ali146@gmail.com,45,Saudi Arabia
5325,Jevan raj,raj656@gmail.com,25,Hyderabad